country,year,ir_p10,p10_must_run_mw,p10_load_mw,p50_must_run_mw,p50_load_mw,ir_case_class
DE,2025,0.0422065713543047,1798.8572747591656,42620.312833719305,1974.9663344420103,54781.97026983656,must_run_floor_effect
DE,2030,0.0387133450001058,,,,,mixed
DE,2035,0.0354535240723728,1798.8572747591656,50738.46174183076,1974.9663344420103,65216.62366774449,must_run_floor_effect
ES,2025,0.0783285853686237,1675.6540181793027,21392.62454815791,2022.8228750567337,26877.445663145587,mixed
ES,2030,0.0721602545060212,,,,,mixed
ES,2035,0.0657960117096439,1675.6540181793027,25467.410176378464,2022.8228750567337,31996.959122792367,mixed
