country,bascule_year_market,pre_window_start_year,pre_window_end_year,post_window_start_year,post_window_end_year,n_pre_years,n_post_years,pre_mean_capture_ratio_pv_vs_ttl,post_mean_capture_ratio_pv_vs_ttl,delta_post_minus_pre_capture_ratio_pv_vs_ttl,pre_mean_h_negative_obs,post_mean_h_negative_obs,delta_post_minus_pre_h_negative_obs,pre_mean_sr_energy,post_mean_sr_energy,delta_post_minus_pre_sr_energy,pre_mean_far_energy,post_mean_far_energy,delta_post_minus_pre_far_energy,pre_mean_ir_p10,post_mean_ir_p10,delta_post_minus_pre_ir_p10
DE,2019.0,2016.0,2018.0,2019.0,2021.0,1,3,0.6055344788089055,0.4475748884570213,-0.1579595903518841,133.0,216.0,83.0,0.0002671835702335,0.0005403054210642,0.0002731218508306,1.0,0.9958832082455512,-0.0041167917544489,0.3794941270703111,0.2661520433499736,-0.1133420837203375
ES,2023.0,2020.0,2022.0,2023.0,2025.0,3,2,0.5312940403537995,0.3975545765266368,-0.1337394638271626,0.0,123.5,123.5,0.0014290713849574,0.0131211164140113,0.0116920450290538,1.0,0.9994805384070118,-0.0005194615929882,0.2989708837099928,0.2951420547224846,-0.0038288289875081
