country,year,ir_p10,p10_must_run_mw,p10_load_mw,p50_must_run_mw,p50_load_mw,ir_case_class
DE,2025,0.0552705101068276,2355.646431232241,42620.312833719305,2586.265437959775,54781.97026983656,must_run_floor_effect
DE,2030,0.050771079018632,,,,,mixed
DE,2035,0.0464272339042977,2355.646431232241,50738.46174183076,2586.265437959775,65216.62366774449,must_run_floor_effect
ES,2025,0.102573147506531,2194.3088333300398,21392.62454815791,2648.9347173362,26877.445663145587,mixed
ES,2030,0.0946017932912733,,,,,mixed
ES,2035,0.0861614439054861,2194.3088333300398,25467.410176378464,2648.9347173362,31996.959122792367,mixed
