country,tech,phase2_start_year_for_slope,phase2_start_reason,phase2_end_year,years_used,years_used_no_outliers,x_axis_used,x_unit,slope,intercept,r2,p_value,n,slope_method,robust_flag,reason_code,slope_all_years,slope_excluding_outliers,outlier_years_count,mean_sr_energy_phase2,mean_far_energy_phase2,mean_ir_p10_phase2,mean_ttl_phase2,vre_load_corr_phase2,surplus_load_trough_share_phase2
DE,PV,2025.0,q1_no_bascule_use_scenario_start,2035,"2025,2030,2035","2025,2030,2035",pv_penetration_pct_gen,pct_point,-3.905118072810234e-05,0.5979210506741477,0.0278783104298014,0.8932046859570194,3,OLS,NOT_SIGNIFICANT,p_value_high,-3.905118072810234e-05,-3.905118072810234e-05,0,0.0,,0.0507979303450245,204.83803127456807,,
DE,WIND,2025.0,q1_no_bascule_use_scenario_start,2035,"2025,2030,2035","2025,2030,2035",wind_penetration_pct_gen,pct_point,1.8165937824092164e-06,0.5940271572627677,0.0012685494314385,0.9773209068980216,3,OLS,NOT_SIGNIFICANT,p_value_high,1.8165937824092164e-06,1.8165937824092164e-06,0,0.0,,0.0507979303450245,204.83803127456807,,
ES,PV,2025.0,q1_no_bascule_use_scenario_start,2035,"2025,2030,2035","2025,2030,2035",pv_penetration_pct_gen,pct_point,2.820662840585422e-05,0.5704003395795384,0.8201380975695806,0.2788199013381996,3,OLS,NOT_SIGNIFICANT,p_value_high,2.820662840585422e-05,2.820662840585422e-05,0,0.0,,0.0944100542629832,161.52609267211338,,
ES,WIND,2025.0,q1_no_bascule_use_scenario_start,2035,"2025,2030,2035","2025,2030,2035",wind_penetration_pct_gen,pct_point,1.5742976986985832e-05,0.5955328302239786,0.173073632038949,0.7268484192135509,3,OLS,NOT_SIGNIFICANT,p_value_high,1.5742976986985832e-05,1.5742976986985832e-05,0,0.0,,0.0944100542629832,161.52609267211338,,
