country,year,ir_p10,p10_must_run_mw,p10_load_mw,p50_must_run_mw,p50_load_mw,ir_case_class
DE,2025,0.0502459249379299,2355.646431232241,46882.337903864405,2586.265437959775,60260.15931065623,must_run_floor_effect
DE,2030,0.0460630370874062,,,,,mixed
DE,2035,0.0422065769478611,2355.646431232241,55812.30702841001,2586.265437959775,71738.28489363837,must_run_floor_effect
ES,2025,0.0932483412436106,2194.3088333300398,23531.880611124467,2648.9347173362,29565.18219881481,mixed
ES,2030,0.0858355216446282,,,,,mixed
ES,2035,0.0783285981342278,2194.3088333300398,28014.14662840971,2648.9347173362,35196.64929889636,mixed
