country,bascule_year_market,pre_window_start_year,pre_window_end_year,post_window_start_year,post_window_end_year,n_pre_years,n_post_years,pre_mean_capture_ratio_pv_vs_ttl,post_mean_capture_ratio_pv_vs_ttl,delta_post_minus_pre_capture_ratio_pv_vs_ttl,pre_mean_h_negative_obs,post_mean_h_negative_obs,delta_post_minus_pre_h_negative_obs,pre_mean_sr_energy,post_mean_sr_energy,delta_post_minus_pre_sr_energy,pre_mean_far_energy,post_mean_far_energy,delta_post_minus_pre_far_energy,pre_mean_ir_p10,post_mean_ir_p10,delta_post_minus_pre_ir_p10
BE,2023.0,2020.0,2022.0,2023.0,2025.0,3,2,0.3860534599493754,0.3690263890553047,-0.0170270708940707,136.0,312.5,176.5,0.0060541340237793,0.0066693731786453,0.000615239154866,0.9996135494363112,0.9786924529308384,-0.0209210965054728,0.5238361183578553,0.3965856531754193,-0.1272504651824359
CZ,2018.0,2015.0,2017.0,2018.0,2020.0,0,3,,0.5501425168026143,,,72.66666666666667,,,0.0327843478119187,,,0.6650407158195706,,,0.9485860528649056,
DE,2019.0,2016.0,2018.0,2019.0,2021.0,1,3,0.6055344788089055,0.4475748884570213,-0.1579595903518841,133.0,216.0,83.0,0.0002671835702335,0.0005403054210642,0.0002731218508306,1.0,0.9958832082455512,-0.0041167917544489,0.3794941270703111,0.2661520433499736,-0.1133420837203375
ES,2023.0,2020.0,2022.0,2023.0,2025.0,3,2,0.5312940403537995,0.3975545765266368,-0.1337394638271626,0.0,123.5,123.5,0.0014290713849574,0.0131211164140113,0.0116920450290538,1.0,0.9994805384070118,-0.0005194615929882,0.2989708837099928,0.2951420547224846,-0.0038288289875081
FR,2018.0,2015.0,2017.0,2018.0,2020.0,0,3,,0.538917883440312,,,46.66666666666666,,,0.0420144207405041,,,0.9931103899134636,,,0.985418318337874,
IT_NORD,,,,,,0,0,,,,,,,,,,,,,,,
NL,2023.0,2020.0,2022.0,2023.0,2025.0,3,2,0.4076447382962024,0.3804375390864104,-0.027207199209792,84.33333333333333,386.5,302.1666666666667,0.0,0.0,0.0,,,,0.0005092586230475,0.0003336837268464,-0.000175574896201
