country,tech,phase2_start_year_for_slope,phase2_start_reason,phase2_end_year,years_used,years_used_no_outliers,x_axis_used,x_unit,slope,intercept,r2,p_value,n,slope_method,robust_flag,reason_code,slope_all_years,slope_excluding_outliers,outlier_years_count,mean_sr_energy_phase2,mean_far_energy_phase2,mean_ir_p10_phase2,mean_ttl_phase2,vre_load_corr_phase2,surplus_load_trough_share_phase2
DE,PV,2025.0,q1_no_bascule_use_scenario_start,2035,"2025,2026,2027,2028,2029,2030,2031,2032,2033,2034,2035","2025,2026,2027,2028,2029,2030,2031,2032,2033,2034,2035",pv_penetration_pct_gen,pct_point,-1.836592435856428e-05,0.6092739834236232,0.0031293126870067,0.8702337341434664,11,OLS,NOT_SIGNIFICANT,p_value_high,-1.836592435856428e-05,-1.836592435856428e-05,0,0.0,,0.0506631477461815,224.16803894853663,,
DE,WIND,2025.0,q1_no_bascule_use_scenario_start,2035,"2025,2026,2027,2028,2029,2030,2031,2032,2033,2034,2035","2025,2026,2027,2028,2029,2030,2031,2032,2033,2034,2035",wind_penetration_pct_gen,pct_point,3.1584531664497957e-06,0.6055836033821312,0.0019741575000699,0.8967920820303841,11,OLS,NOT_SIGNIFICANT,p_value_high,3.1584531664497957e-06,3.1584531664497957e-06,0,0.0,,0.0506631477461815,224.16803894853663,,
ES,PV,2025.0,q1_no_bascule_use_scenario_start,2035,"2025,2026,2027,2028,2029,2030,2031,2032,2033,2034,2035","2025,2026,2027,2028,2029,2030,2031,2032,2033,2034,2035",pv_penetration_pct_gen,pct_point,2.7140721729386336e-05,0.5817995374111843,0.6753011920510115,0.0019150744760667,11,OLS,ROBUST,ok,2.7140721729386336e-05,2.7140721729386336e-05,0,0.0,,0.0940620781407101,174.87976586346065,,
ES,WIND,2025.0,q1_no_bascule_use_scenario_start,2035,"2025,2026,2027,2028,2029,2030,2031,2032,2033,2034,2035","2025,2026,2027,2028,2029,2030,2031,2032,2033,2034,2035",wind_penetration_pct_gen,pct_point,1.4095825643207164e-05,0.6060661536457497,0.0426259845169239,0.5424683643680629,11,OLS,NOT_SIGNIFICANT,p_value_high,1.4095825643207164e-05,1.4095825643207164e-05,0,0.0,,0.0940620781407101,174.87976586346065,,
