driver_name,corr_with_slope_pv,corr_with_slope_wind,n_countries,expected_sign,sign_conflict_share
exports_pos_share_proxy,-0.350183009024084,-0.6343378473124217,7,1,0.4285714285714285
far_energy,0.9999999999999998,1.0,7,1,0.1428571428571428
ir_p10,-0.3515829023658624,-0.6327438930341748,7,-1,0.5714285714285714
nrl_p10_proxy,0.4526016623551643,0.6557145254520589,7,1,0.5714285714285714
nrl_p50_proxy,0.4527931410181057,0.6559963557966398,7,1,0.5714285714285714
nrl_p90_proxy,0.4527546427533949,0.655928928690183,7,1,0.5714285714285714
sr_energy,-0.9999999999999998,-1.0,7,-1,0.1428571428571428
vre_penetration_share_gen,0.4634440543287013,0.6712086531310252,7,-1,0.4285714285714285
