country,tech,phase2_start_year_for_slope,phase2_start_reason,phase2_end_year,years_used,years_used_no_outliers,x_axis_used,x_unit,slope,intercept,r2,p_value,n,slope_method,robust_flag,reason_code,slope_all_years,slope_excluding_outliers,outlier_years_count,mean_sr_energy_phase2,mean_far_energy_phase2,mean_ir_p10_phase2,mean_ttl_phase2,vre_load_corr_phase2,surplus_load_trough_share_phase2
DE,PV,2025.0,q1_no_bascule_use_scenario_start,2035,"2025,2026,2027,2028,2029,2030,2031,2032,2033,2034,2035","2025,2026,2027,2028,2029,2030,2031,2032,2033,2034,2035",pv_penetration_pct_gen,pct_point,-1.953586724711702e-05,0.6064455012843336,0.0028962986046888,0.8751245867428181,11,OLS,NOT_SIGNIFICANT,p_value_high,-1.953586724711702e-05,-1.953586724711702e-05,0,0.0,,0.0506631477461815,218.9594863169577,,
DE,WIND,2025.0,q1_no_bascule_use_scenario_start,2035,"2025,2026,2027,2028,2029,2030,2031,2032,2033,2034,2035","2025,2026,2027,2028,2029,2030,2031,2032,2033,2034,2035",wind_penetration_pct_gen,pct_point,3.3328902804134565e-06,0.6026414576014788,0.0017161939048446,0.9037422027344924,11,OLS,NOT_SIGNIFICANT,p_value_high,3.3328902804134565e-06,3.3328902804134565e-06,0,0.0,,0.0506631477461815,218.9594863169577,,
ES,PV,2025.0,q1_no_bascule_use_scenario_start,2035,"2025,2026,2027,2028,2029,2030,2031,2032,2033,2034,2035","2025,2026,2027,2028,2029,2030,2031,2032,2033,2034,2035",pv_penetration_pct_gen,pct_point,2.82314116450131e-05,0.5755309441719915,0.7144239067720607,0.0010515003542641,11,OLS,ROBUST,ok,2.82314116450131e-05,2.82314116450131e-05,0,0.0,,0.0940620781407101,167.30067495436973,,
ES,WIND,2025.0,q1_no_bascule_use_scenario_start,2035,"2025,2026,2027,2028,2029,2030,2031,2032,2033,2034,2035","2025,2026,2027,2028,2029,2030,2031,2032,2033,2034,2035",wind_penetration_pct_gen,pct_point,1.4655678172515511e-05,0.6002772462511138,0.0449123601827975,0.5315898165049199,11,OLS,NOT_SIGNIFICANT,p_value_high,1.4655678172515511e-05,1.4655678172515511e-05,0,0.0,,0.0940620781407101,167.30067495436973,,
