driver_name,corr_with_slope_pv,corr_with_slope_wind,n_countries,expected_sign,sign_conflict_share
exports_pos_share_proxy,0.2283990513477532,0.4278171580071953,7,1,0.8571428571428571
far_energy,-0.213396756157789,-0.4495542191339022,7,1,0.2857142857142857
ir_p10,-0.5218563899752761,-0.2653551903053988,7,-1,0.4285714285714285
nrl_p10_proxy,0.2024361621493281,-0.1884960241600854,7,1,0.2857142857142857
nrl_p50_proxy,0.0826933530337421,-0.296670523368619,7,1,0.2857142857142857
nrl_p90_proxy,-0.4635451250925947,-0.7617845382641533,7,1,0.0
sr_energy,-0.1600765496339354,0.1496445411479778,7,-1,0.2857142857142857
vre_penetration_share_gen,0.5354498472840586,0.8637091286343158,7,-1,0.0
